{
  "updated": "2026-01-16T06:52:02.186623",
  "daily_pnl": 0.0,
  "total_trades": 47,
  "trades": [
    {
      "id": "706769703556613119",
      "timestamp": "2026-01-15T15:57:08.704797",
      "symbol": "cmt_ethusdt",
      "action": "long",
      "entry_price": 3291.53,
      "size": 0.046,
      "size_usd": 15,
      "leverage": 10,
      "stop_loss": 3225.6994,
      "take_profit": 3390.2759,
      "signal_strength": 55,
      "rsi": 29.6,
      "status": "open",
      "pnl": 0.0,
      "exit_price": 0.0,
      "closed_at": ""
    }
  ]
}