[
  {
    "timestamp": "2026-01-21 17:46:01",
    "message": "\ud83e\udd8e COINGECKO SIGNAL",
    "type": "coingecko_signal",
    "fear_greed": 24,
    "btc_dominance": 57.36175881387595,
    "market_change_24h": 1.220909487475577,
    "total_volume": 168800207836.7497
  },
  {
    "timestamp": "2026-01-21 17:46:01",
    "message": "\u2705 MARKET SAFE - Trading active",
    "safe": true,
    "fng": 24,
    "change_24h": 1.220909487475577
  },
  {
    "timestamp": "2026-01-21 17:46:33",
    "message": "\ud83e\udd8e COINGECKO SIGNAL",
    "type": "coingecko_signal",
    "fear_greed": 24,
    "btc_dominance": 57.36175881387595,
    "market_change_24h": 1.220909487475577,
    "total_volume": 168800207836.7497
  },
  {
    "timestamp": "2026-01-21 17:46:33",
    "message": "\u2705 MARKET SAFE - Trading active",
    "safe": true,
    "fng": 24,
    "change_24h": 1.220909487475577
  }
]